"","Calendar.Month","CDD","HDD"
"1",1,153.137333333333,5.4475
"2",2,141.21130952381,1.98458333333333
"3",3,120.574476190476,8.79033333333333
"4",4,35.8341666666667,46.8986666666667
"5",5,3.25516666666667,122.0105
"6",6,0.0708333333333329,172.590476190476
"7",7,0,193.315813492063
"8",8,0.373958333333333,198.542222222222
"9",9,1.621875,144.117351190476
"10",10,13.1258333333333,94.0710416666667
"11",11,42.51125,51.437619047619
"12",12,143.65125,10.3204464285714
